layer_key,program_id,layer_id,spacecraft_name,entity,maxrisk_gross,maxrisk_net,gross_exposure
271177_329405,271177,329405,NUSANTARA LIMA,FUL,21777778.4,13066667.04,27222223.0
276734_338150,276734,338150,NUSANTARA LIMA,FUL,6222222.4,3733333.44,7777778.0
277977_340161,277977,340161,SXM-10,FUL,15999984.0,9599990.399999999,19999980.0
278759_341459,278759,341459,SXM-10,FUL,15999984.0,9599990.399999999,19999980.0
328274_433090,328274,433090,SPAINSAT NG-1,FIID,21280926.38450421,3192138.957675632,26601157.980630264
328274_436566,328274,436566,SPAINSAT NG-2,FIID,21280926.38450421,3192138.957675632,26601157.980630264
334082_445095,334082,445095,SPAINSAT NG-1,FIID,1805175.515848443,270776.3273772665,2256469.3948105536
334331_1,334331,1,CO3D 1,FIID,1756910.7082372885,263536.6062355933,2196138.3852966106
334331_2,334331,2,CO3D 2,FIID,1756910.7082372885,263536.6062355933,2196138.3852966106
334331_3,334331,3,CO3D 3,FIID,1756910.7082372885,263536.6062355933,2196138.3852966106
334331_4,334331,4,CO3D 4,FIID,1756910.7082372885,263536.6062355933,2196138.3852966106
334902_446645,334902,446645,OVZON-3,FIID,8659768.562886639,1298965.284432996,10824710.703608299
335513_447941,335513,447941,PAKSAT-MULTI MISSION 1 (PAKSAT-MM1),FUL,17319587.6,8659793.8,21649484.5
340072_456306,340072,456306,THAICOM 8,FUL,8907216.48,4453608.24,11134020.6
340405_457079,340405,457079,INMARSAT 6-F1,FUL,8339391.821152559,4169695.9105762793,10424239.776440699
340408_457089,340408,457089,HYLAS 4,FUL,989690.72,494845.36,1237113.4
340408_457090,340408,457090,HYLAS 4,FUL,8659793.8,4329896.9,10824742.25
341429_458634,341429,458634,TURKSAT 6A,FUL,5938144.814845359,2969072.4074226795,7422681.018556699
341568_458837,341568,458837,WORLDVIEW LEGION-1,FUL,3216495.82969072,1608247.91484536,4020619.7871133997
341568_459135,341568,459135,WORLDVIEW LEGION-2,FUL,3216495.82969072,1608247.91484536,4020619.7871133997
341568_459136,341568,459136,WORLDVIEW LEGION-3,FUL,3216495.82969072,1608247.91484536,4020619.7871133997
341568_459137,341568,459137,WORLDVIEW LEGION-4,FUL,3216495.82969072,1608247.91484536,4020619.7871133997
341568_473581,341568,473581,WORLDVIEW LEGION-2,FUL,3216495.82969072,1608247.91484536,4020619.7871133997
341568_473582,341568,473582,WORLDVIEW LEGION-3,FUL,3216495.82969072,1608247.91484536,4020619.7871133997
341568_473583,341568,473583,WORLDVIEW LEGION-4,FUL,3216495.82969072,1608247.91484536,4020619.7871133997
341568_473584,341568,473584,WORLDVIEW LEGION-1,FUL,3216495.82969072,1608247.91484536,4020619.7871133997
342462_460214,342462,460214,PLEIADES NEO 3,FIID,8002616.296847872,1200392.4445271809,10003270.37105984
342462_460219,342462,460219,PLEIADES NEO 4,FIID,8002616.296847872,1200392.4445271809,10003270.37105984
343722_463279,343722,463279,AMAZONAS NEXUS,FIID,22501039.377713688,3375155.906657055,28126299.222142108
343724_463281,343724,463281,INMARSAT 5-F5 (INMARSAT GX-5),FUL,8653338.04743344,4326669.02371672,10816672.559291799
343724_463282,343724,463282,HELLAS-SAT 3/INMARSAT-S-EAN,FUL,6097253.4331368795,3048626.7165684397,7621566.7914211
343724_463283,343724,463283,ALPHASAT I-XL,FUL,5223390.671706719,2611695.3358533597,6529238.3396334
343724_463284,343724,463284,INMARSAT 5-F4 (INMARSAT GX-4),FUL,10501026.786621999,5250513.3933109995,13126283.4832775
343724_463285,343724,463285,INMARSAT 5-F3 (INMARSAT GX-3),FUL,7640229.760462159,3820114.8802310796,9550287.200577699
343724_463286,343724,463286,INMARSAT 5-F2 (INMARSAT GX-2),FUL,7467264.48239992,3733632.24119996,9334080.6029999
343724_463287,343724,463287,INMARSAT 5-F1 (INMARSAT GX-1),FUL,6564106.3808124,3282053.1904062,8205132.9760155
343724_463288,343724,463288,INMARSAT 6-F1,FUL,15694041.37590512,7847020.68795256,19617551.7198814
344558_1,344558,1,EUTELSAT 36D,FIID,15851825.938983029,2377773.890847454,19814782.423728786
344558_10,344558,10,E3B,FIID,7196600.6335632745,1079490.0950344913,8995750.791954093
344558_11,344558,11,E9B,FIID,5164677.70367133,774701.6555506997,6455847.129589162
344558_12,344558,12,E117WB (S9),FIID,3510651.5506748534,526597.7326012282,4388314.438343567
344558_13,344558,13,E8WB,FIID,14787947.647332901,2218192.1470999364,18484934.559166126
344558_14,344558,14,E36C,FIID,9294173.286126139,1394125.9929189207,11617716.607657673
344558_15,344558,15,E65WA,FIID,4427000.284578179,664050.0426867269,5533750.3557227235
344558_16,344558,16,E172B,FIID,8596984.837140162,1289547.7255710242,10746231.046425201
344558_17,344558,17,Quantum,FIID,8951280.450426996,1342692.0675640497,11189100.563033745
344558_18,344558,18,E7C,FIID,2475850.87871554,371377.631807331,3094813.5983944247
344558_19,344558,19,Konnect,FIID,6882019.522712153,1032302.9284068234,8602524.403390191
344558_2,344558,2,W7/E36B,FIID,2854044.4585896838,428106.66878845263,3567555.573237105
344558_20,344558,20,E13G,FIID,15851825.938983029,2377773.890847454,19814782.423728786
344558_21,344558,21,K-VHTS,FIID,13550140.396486005,2032521.0594729017,16937675.495607506
344558_22,344558,22,E10B,FIID,15851825.938983029,2377773.890847454,19814782.423728786
344558_23,344558,23,E13F,FIID,15851825.938983029,2377773.890847454,19814782.423728786
344558_3,344558,3,E115WB (S7),FIID,3164523.013181562,474678.45197723433,3955653.7664769525
344558_4,344558,4,W3C/E16A,FIID,9343712.250141654,1401556.8375212485,11679640.312677067
344558_5,344558,5,AB7/E7WA,FIID,9538340.928237148,1430751.139235572,11922926.160296435
344558_6,344558,6,E117WA (S8),FIID,5112767.228923703,766915.0843385551,6390959.036154628
344558_7,344558,7,W6A/E21B,FIID,6778108.017512836,1016716.2026269259,8472635.021891044
344558_8,344558,8,W5A/E70B,FIID,6483780.505547612,972567.0758321416,8104725.631934515
344558_9,344558,9,W3D/E3D,FIID,3311034.318645492,496655.1477968241,4138792.8983068652
344664_1,344664,1,Arabsat BADR 8,FUL,20194199.555225477,10097099.777612738,25242749.444031846
344664_2,344664,2,Arabsat 5A,FUL,82019.13065505402,41009.56532752701,102523.91331881752
344664_3,344664,3,Arabsat 5B,FUL,4116965.9989300594,2058482.9994650297,5146207.498662574
344664_4,344664,4,Arabsat 5C,FUL,655312.0045008854,327656.0022504427,819140.0056261068
344664_5,344664,5,Arabsat BADR 7,FUL,7613733.866466072,3806866.933233036,9517167.33308259
344664_6,344664,6,Arabsat 6A,FUL,11622471.912367605,5811235.956183802,14528089.890459506
349114_488489,349114,488489,ES'HAIL 2,FUL,3958764.8593814396,1979382.4296907198,4948456.074226799
349114_488490,349114,488490,ES'HAIL 1,FUL,5344327.90861856,2672163.95430928,6680409.8857732
349114_489316,349114,489316,ES'HAIL 2,FUL,3958764.8593814396,1979382.4296907198,4948456.074226799
349114_489317,349114,489317,ES'HAIL 1,FUL,5344327.90861856,2672163.95430928,6680409.8857732
349445_475172,349445,475172,HOTSAT-2 (SATELLITE VU 2),FUL,1981684.7625528618,990842.3812764309,2477105.9531910773
350998_477970,350998,477970,ASBM 1 (NORWAY),FIID,2474256.4907215997,371138.47360824,3092820.6134019997
351444_1,351444,1,ASIASAT 5,FUL,5087010.300799999,2543505.1503999997,6358762.875999999
351444_2,351444,2,ASIASAT 6/THAICOM 7,FUL,3265979.3759999997,1632989.6879999998,4082474.2199999997
351444_3,351444,3,ASIASAT 7,FUL,5265154.6304,2632577.3152,6581443.288
351444_4,351444,4,AMOS 7 (ASIASAT 8),FUL,3513402.0559999994,1756701.0279999997,4391752.569999999
351444_5,351444,5,ASIASAT 9,FUL,7504577.307079999,3752288.6535399994,9380721.633849999
351875_479568,351875,479568,EDRS C (HYLAS 3),FUL,4206186.05484536,2103093.02742268,5257732.5685567
356083_484966,356083,484966,VIASAT-1,FUL,4486441.72448136,2243220.86224068,5608052.1556017
356083_484967,356083,484967,KA-SAT,FUL,3617397.76716688,1808698.88358344,4521747.2089586
356083_484968,356083,484968,VIASAT-2,FUL,7422679.90515464,3711339.95257732,9278349.8814433
356130_485048,356130,485048,BSAT 4A,FUL,2035887.463059537,1017943.7315297686,2544859.3288244214
356130_485050,356130,485050,BSAT 4B,FUL,2351208.017046854,1175604.008523427,2939010.0213085674
356133_485057,356133,485057,WORLDVIEW 1,FUL,1731958.26515464,865979.13257732,2164947.8314433
356133_485059,356133,485059,WORLDVIEW 3,FUL,3092783.00515464,1546391.50257732,3865978.7564433
356133_485060,356133,485060,WORLDVIEW 2,FUL,1731958.26515464,865979.13257732,2164947.8314433
356133_501623,356133,501623,WORLDVIEW 3,FUL,3092783.00515464,1546391.50257732,3865978.7564433
356133_501624,356133,501624,WORLDVIEW 2,FUL,1731958.26515464,865979.13257732,2164947.8314433
356133_501625,356133,501625,WORLDVIEW 1,FUL,1731958.26515464,865979.13257732,2164947.8314433
357074_486815,357074,486815,VIASAT-3 F2,FUL,14845360.8,7422680.4,18556701.0
359147_489926,359147,489926,KOMPSAT 7,FUL,1602684.2550465553,801342.1275232777,2003355.318808194
360735_492379,360735,492379,TIBA 1 (NAVISAT 12A),FUL,17167378.159092806,8583689.079546403,21459222.698866006
360737_492382,360737,492382,MEASAT 3A (1R),FUL,395876.288,197938.144,494845.36
360737_492383,360737,492383,MEASAT 3B,FUL,2103092.776,1051546.388,2628865.97
360737_516619,360737,516619,MEASAT 3A (1R),FUL,395876.288,197938.144,494845.36
360737_516620,360737,516620,MEASAT 3B,FUL,2103092.776,1051546.388,2628865.97
361505_494217,361505,494217,MEASAT 3D,FUL,2992824.7372799995,1496412.3686399998,3741030.9215999995
361505_494218,361505,494218,MEASAT 3D,FUL,7398927.8227200005,3699463.9113600003,9248659.7784
361530_494323,361530,494323,SATRIA,FUL,14991885.005941357,7495942.502970679,18739856.257426698
361682_494911,361682,494911,TURKSAT 4A,FUL,2814390.42829904,1407195.21414952,3517988.0353738
361682_494912,361682,494912,TURKSAT 5B,FUL,7621488.976988239,3810744.4884941196,9526861.2212353
361682_494913,361682,494913,TURKSAT 5A,FUL,7266049.96727136,3633024.98363568,9082562.4590892
361682_494914,361682,494914,TURKSAT 4B,FUL,3677740.6949013597,1838870.3474506799,4597175.8686267
361696_494972,361696,494972,TURKSAT 4A,FUL,938130.3077148,469065.1538574,1172662.8846435
361696_494973,361696,494973,TURKSAT 5B,FUL,2540496.4906111998,1270248.2453055999,3175620.6132639996
361696_494974,361696,494974,TURKSAT 5A,FUL,2422016.65575712,1211008.32787856,3027520.8196964
361696_494975,361696,494975,TURKSAT 4B,FUL,1225913.5649671198,612956.7824835599,1532391.9562088999
361813_495424,361813,495424,FALCON EYE 2,FUL,6313527.776034155,3156763.8880170775,7891909.720042693
361838_495524,361838,495524,STAR ONE D1,FUL,1943051.3782048798,971525.6891024399,2428814.2227561
361838_495525,361838,495525,STAR ONE D2,FUL,13022167.895822158,6511083.947911079,16277709.869777698
362003_496098,362003,496098,AMAZONAS 3,FIID,1186364.098912879,177954.6148369318,1482955.1236410986
362003_496099,362003,496099,HISPASAT 30W-6 (HISPASAT 1F),FIID,6094972.940129424,914245.941019414,7618716.175161781
362003_496100,362003,496100,AMAZONAS 5,FIID,3101640.67112404,465246.1006686059,3877050.83890505
362003_496102,362003,496102,HISPASAT 30W-5 (HISPASAT 1E),FIID,1526977.9978306803,229046.69967460213,1908722.4972883505
362037_496234,362037,496234,STAR ONE C4,FUL,1059703.42091424,529851.71045712,1324629.2761428
362037_496235,362037,496235,STAR ONE D2,FUL,1552527.8324639997,776263.9162319999,1940659.7905799998
362037_496236,362037,496236,STAR ONE D1,FUL,1552527.8324639997,776263.9162319999,1940659.7905799998
364260_500084,364260,500084,AZERSPACE-1/AFRICASAT 1A,FUL,5260827.498048,2630413.749024,6576034.37256
364280_500128,364280,500128,JCSAT-2B (JCSAT-14),FUL,501687.0102592873,250843.50512964366,627108.7628241092
364280_500129,364280,500129,JCSAT-18/KACIFIC-1,FUL,1053297.6969223858,526648.8484611929,1316622.1211529823
364280_500130,364280,500130,JCSAT-16,FUL,331088.92492148513,165544.46246074256,413861.1561518564
364280_500131,364280,500131,JCSAT-110A (JCSAT-15),FUL,544566.242559832,272283.121279916,680707.8031997901
366022_503971,366022,503971,AL YAH 1,FUL,7425488.152572639,3712744.0762863196,9281860.1907158
366022_503972,366022,503972,AL YAH 2,FUL,9126295.90231528,4563147.95115764,11407869.8778941
366022_503987,366022,503987,THURAYA 4-NGS,FUL,11458601.785728,5729300.892864,14323252.23216
366029_503996,366029,503996,AL YAH 1,FUL,2182079.9963632,1091039.9981816,2727599.995454
366029_503997,366029,503997,AL YAH 2,FUL,2681886.1810971997,1340943.0905485998,3352357.7263714997
366029_503999,366029,503999,THURAYA 4-NGS,FUL,3364945.036992,1682472.518496,4206181.29624
366569_505191,366569,505191,ALSAT 3A (AERJILIYA YAOGAN-3A),FIBL,3999974.4,3999974.4,4999968.0
366569_505195,366569,505195,ALSAT 3B (AERJILIYA YAOGAN-3B),FIBL,3999964.8,3999964.8,4999956.0
367899_508203,367899,508203,TELKOMSAT 113BT,FUL,5140067.0343099525,2570033.5171549763,6425083.792887441
367899_529439,367899,529439,TELKOMSAT 113BT,FUL,5140105.100228007,2570052.5501140035,6425131.375285009
368892_509838,368892,509838,TUPAC KATARI,FUL,2474226.8,1237113.4,3092783.5
369418_510955,369418,510955,WORLDVIEW LEGION-1,FUL,3529416.940992,1764708.470496,4411771.17624
369418_510966,369418,510966,WORLDVIEW LEGION-6,FUL,3529416.940992,1764708.470496,4411771.17624
369418_510967,369418,510967,WORLDVIEW LEGION-5,FUL,3529416.940992,1764708.470496,4411771.17624
369418_510968,369418,510968,WORLDVIEW LEGION-4,FUL,3529416.940992,1764708.470496,4411771.17624
369418_510969,369418,510969,WORLDVIEW LEGION-3,FUL,3529416.940992,1764708.470496,4411771.17624
369418_510970,369418,510970,WORLDVIEW LEGION-2,FUL,3529416.940992,1764708.470496,4411771.17624
369418_527399,369418,527399,WORLDVIEW LEGION-6,FUL,3529416.940992,1764708.470496,4411771.17624
369418_527400,369418,527400,WORLDVIEW LEGION-5,FUL,3529416.940992,1764708.470496,4411771.17624
369418_527401,369418,527401,WORLDVIEW LEGION-4,FUL,3529416.940992,1764708.470496,4411771.17624
369418_527402,369418,527402,WORLDVIEW LEGION-3,FUL,3529416.940992,1764708.470496,4411771.17624
369418_527403,369418,527403,WORLDVIEW LEGION-2,FUL,3529416.940992,1764708.470496,4411771.17624
369418_527404,369418,527404,WORLDVIEW LEGION-1,FUL,3529416.940992,1764708.470496,4411771.17624
373475_518720,373475,518720,EUTELSAT 36D,FIID,4396407.985678386,659461.197851758,5495509.982097982
373574_518936,373574,518936,HYLAS 2,FIID,1882368.0,282355.19999999995,2352960.0
373994_519791,373994,519791,JCSAT-17,FUL,5787886.412321023,2893943.2061605114,7234858.015401279
374038_519865,374038,519865,JCSAT-17,FUL,12018887.04012062,6009443.52006031,15023608.800150774
375192_522248,375192,522248,HYLAS 1,FUL,1082361.6,541180.8,1352952.0
377845_526548,377845,526548,ANUVU 1 (NUVIEW A),FUL,451070.902656,225535.451328,563838.62832
377845_526549,377845,526549,ANUVU 2 (NUVIEW B),FUL,451070.902656,225535.451328,563838.62832
377845_526550,377845,526550,AGILA,FUL,537446.181888,268723.090944,671807.72736
